1997 Happy HolidaysÂź BarbieÂź Doll,1997,17832,Special Edition,Happy HolidaysÂź Series,Collector,,"BarbieÂź doll is a true image of royal splendor in holiday red, snowy white and glittering gold with a golden tiara adorned with six ruby-colored gemstones. Festive accents include a jeweled choker and earrings."
1995 Happy HolidaysÂź BarbieÂź Doll,1995,14123,Special Edition,Happy HolidaysÂź Series,Collector,,"BarbieÂź doll wants to wish you happy holidays! In a very festive green holly-printed dress with a silvery Victorian collar, BarbieÂź personifies the charm of the season. Her ensemble is accented by red rhinestone berries, a poinsettia sash, jeweled choker and a red poinsettia in her hair."
1995 Happy HolidaysÂź BarbieÂź Doll,1995,14123,Special Edition,Happy HolidaysÂź Series,Collector,,"BarbieÂź doll wants to wish you happy holidays! In a very festive green holly-printed dress with a silvery Victorian collar, BarbieÂź personifies the charm of the season. Her ensemble is accented by red rhinestone berries, a poinsettia sash, jeweled choker and a red poinsettia in her hair."
1997 Happy HolidaysÂź BarbieÂź Doll,1997,17832,Special Edition,Happy HolidaysÂź Series,Collector,,"BarbieÂź doll is a true image of royal splendor in holiday red, snowy white and glittering gold with a golden tiara adorned with six ruby-colored gemstones. Festive accents include a jeweled choker and earrings."
1994 Happy HolidaysÂź BarbieÂź Doll,1994,12155,Special Edition,Happy HolidaysÂź Series,Collector,,"BarbieÂź doll wears a glamorous, faux fur-trimmed golden dress with white and golden lace underskirt. Her fabulous ensemble is accented by holly and berries â it appears on her headband, earrings, and even accents her golden dress."
1994 Happy HolidaysÂź BarbieÂź Doll,1994,12155,Special Edition,Happy HolidaysÂź Series,Collector,,"BarbieÂź doll wears a glamorous, faux fur-trimmed golden dress with white and golden lace underskirt. Her fabulous ensemble is accented by holly and berries â it appears on her headband, earrings, and even accents her golden dress."
Romantic Ruffles #1871,1969,1871,,,,,"BarbieÂź doll looked her radiant best in this pink and silver evening dress. The silvery lamĂ© over the pink, sleeveless bodice met a five tiered pink net skirt sparkled with silver dots. The ruffles had a sheer lining and a hot pink taffeta underskirt. A pink satin ribbon and a net and taffeta flower accented the empire waist. Mod rosette earrings of sheer pink fabric and a silvertone bead on chains hung to BarbieÂź doll's shoulders. A clutch bag was fashioned of the silvery lamĂ© and was lined in the pink taffeta. It closed with a silvertone bead button. Pink soft bow or pilgrim shoes completed the ensemble."
Rally Gear #1429,1969,1429,,,,,"The mod leather jacket look was accomplished in KenÂź doll's vinyl, double-breasted waist-length style. A long sleeved striped shirt and tan zippered slacks were completed with a pair of brown vinyl cowboy boots."
Rally Gear #1429,1969,1429,,,,,"The mod leather jacket look was accomplished in KenÂź doll's vinyl, double-breasted waist-length style. A long sleeved striped shirt and tan zippered slacks were completed with a pair of brown vinyl cowboy boots."
KenÂź A Go Go #1423,1966,1423,,,,,"KenÂź doll went mod with his first gig at the local nightspot. He sang and played his guitar (the orange ukulele seen in KenÂź In Hawaii #1404 with a black cord neck strap added). His adjustable gray metal and plastic microphone was like the one found in Solo In The Spotlight #982. His wild shirt was a striped fabric in blue, yellow and red with red collar and sleeves. It topped gold twill zippered slacks. He wore red knit socks with his bouncy white tennis shoes. KenÂź doll's crew cut had not grown out yet, so he donned a fun faux fur black wig and made a hit at the club!"
1990 Happy HolidaysÂź BarbieÂź Doll,1990,4098,,Happy HolidaysÂź Series,Collector,,"Dressed in pink, BarbieÂź doll's layered fuchsia gown glitters with sparkling silvery accents. Poufed sleeves and accompanying star ornament add special touches to this lovely vision of holiday bliss."
1997 Happy HolidaysÂź BarbieÂź Doll,1997,17833,Special Edition,Happy HolidaysÂź Series,Collector,,"BarbieÂź doll is a true image of royal splendor in holiday red, snowy white and glittering gold with a golden tiara adorned with six ruby-colored gemstones. Festive accents include a jeweled choker and earrings."
1995 Happy HolidaysÂź BarbieÂź Doll,1995,14123,Special Edition,Happy HolidaysÂź Series,Collector,,"BarbieÂź doll wants to wish you happy holidays! In a very festive green holly-printed dress with a silvery Victorian collar, BarbieÂź personifies the charm of the season. Her ensemble is accented by red rhinestone berries, a poinsettia sash, jeweled choker and a red poinsettia in her hair."
1995 Happy HolidaysÂź BarbieÂź Doll,1995,14123,Special Edition,Happy HolidaysÂź Series,Collector,,"BarbieÂź doll wants to wish you happy holidays! In a very festive green holly-printed dress with a silvery Victorian collar, BarbieÂź personifies the charm of the season. Her ensemble is accented by red rhinestone berries, a poinsettia sash, jeweled choker and a red poinsettia in her hair."
1995 Happy HolidaysÂź BarbieÂź Doll,1995,14123,Special Edition,Happy HolidaysÂź Series,Collector,,"BarbieÂź doll wants to wish you happy holidays! In a very festive green holly-printed dress with a silvery Victorian collar, BarbieÂź personifies the charm of the season. Her ensemble is accented by red rhinestone berries, a poinsettia sash, jeweled choker and a red poinsettia in her hair."
1989 Happy HolidaysÂź BarbieÂź Doll,1989,3523,Special Edition,Happy HolidaysÂź Series,Collector,,"BarbieÂź is a vision in white in this fabulous tulle gown with a faux fur-trimmed overskirt and stole. Her long blonde hair is curled in ringlets, and accented by a snowflake-decorated hair band that matches the accompanying snowflake ornament."
Byron Lars In the Limelightâą BarbieÂź Doll,2010,1703,Limited Edition,Byron Lars BarbieÂź Dolls,Collector,,"The first doll in Byron Lars' magnificent Runway Collection, In the Limelightâą BarbieÂź celebrates fresh, contemporary fashion. BarbieÂź is powerful, feminine, dynamic and glamorous. Her velvety gown of rich chocolate brown is boldly accented with a metallic cape lined in luscious lime. Strappy shoes and a dash of faux fur complete her dramatic look. Dynamic. Sophisticated. Completely unique."
Benefit Ballâą BarbieÂź Doll,1992,1521,Collector Edition,ClassiqueÂź Collection,Collector,,"The premier doll in the elegant and popular ClassiqueÂź Collection. With titian hair, a stunning metallic blue and golden-colored gown, and fabulous accessories, Benefit Ballâą BarbieÂź doll is a true vision of style and sophistication. Dressed for a grand charity ball, BarbieÂź is draped in billows of metallic blue and golden fabric. Rooted eyelashes, golden earrings, and golden opera gloves complete this lavish look."
Starlight Danceâą BarbieÂź Doll,1996,15461,Collector Edition,ClassiqueÂź Collection,Collector,,"Starlight Danceâą BarbieÂź doll wears an off-white silky crepe gown with glittering chiffon panels and ruffles highlighting the side of the dress. Sparkling crystal rhinestones accent the sheer fitted bodice and emphasize the beauty of the sweeping design. Her sparkling accessories include bracelets, earrings and an imaginative headband, while her stunning hair is swept into a dramatic up-do."
Starlight Danceâą BarbieÂź Doll,1996,15819,Collector Edition,ClassiqueÂź Collection,Collector,,"Starlight Danceâą BarbieÂź doll wears an off-white silky crepe gown with glittering chiffon panels and ruffles highlighting the side of the dress. Sparkling crystal rhinestones accent the sheer fitted bodice and emphasize the beauty of the sweeping design. Her sparkling accessories include bracelets, earrings and an imaginative headband, while her stunning hair is swept into a dramatic up-do."
Romantic Interludeâą BarbieÂź Doll,1997,17136,Collector Edition,ClassiqueÂź Collection,Collector,,"A portrait in elegance, this 1997 Classique Collection BarbieÂź doll features a striking combination of black and white in a timeless silhouette. Created by designer Ann Driskill, Romantic Interludeâą BarbieÂź makes a strong statement in a long, black velvety coat that opens to reveal an off-white satin underskirt. Rhinestone buttons highlight the bodice and hat with a simple spray of black and white feathers completing one of the most elegant BarbieÂź ensembles ever. Underneath her skirt, she wears black boots to complete the outfit. Her brown hair is flatteringly bobbed at her chin and she has rooted eyelashes."
Midnight Galaâą BarbieÂź Doll,1995,12999,Collector Edition,ClassiqueÂź Collection,Collector,,"The clock strikes twelve and BarbieÂź doll makes a grand entrance. Wearing an elegant black velvet gown with gold glitter and rhinestones accenting the bodice, she's certain to turn heads. Her dramatic cape with ornate detailing tops off this truly stunning design. This ultra glamorous ClassiqueÂź Collection doll was created by veteran Mattel designer Abbe Littleton. From her long golden earrings and jeweled headpiece, to her rooted eyelashes and perfectly placed beauty mark, BarbieÂź makes this one gala you'll never forget."
Uptown Chic BarbieÂź Doll,1994,11623,Collector Edition,ClassiqueÂź Collection,Collector,,"In a fabulous mix of faux leather and lace, BarbieÂź doll achieves a very chic look. Her stylish ensemble includes white faux leather top, short pants, and trapeze coat. Matching hat and pumps accompany this fun outfit."
Opening Nightâą BarbieÂź Doll,1997,10148,Collector Edition,ClassiqueÂź Collection,Collector,,"Opening Nightâą BarbieÂź doll is a stunning vision of pink splendor. Wearing a fitted silvery and pink jacket with sequins and beads, a flowing fuchsia skirt with silvery trim, and a matching hat with silvery trim, BarbieÂź is ready to attend a major opening night event. Her black hair and rooted eyelashes create a dramatic contrast to the fuchsia and silver colors of her ensemble."
City StyleÂź BarbieÂź Doll,1993,10149,Collector Edition,ClassiqueÂź Collection,Collector,,"BarbieÂź doll is ready for a fun day of city shopping in this stylish white and golden suit. Her lined white dress with golden top, white jacket trimmed in golden braid, and stylish short blond hair make BarbieÂź quite the trendsetter. Stylish accessories include a white hat with golden trim, white purse with golden shoulder strap, and a matching white shopping bag with a golden BarbieÂź ""B""."
Benefit Ballâą BarbieÂź Doll,1992,1521,Collector Edition,ClassiqueÂź Collection,Collector,,"The premier doll in the elegant and popular ClassiqueÂź Collection. With titian hair, a stunning metallic blue and golden-colored gown, and fabulous accessories, Benefit Ballâą BarbieÂź doll is a true vision of style and sophistication. Dressed for a grand charity ball, BarbieÂź is draped in billows of metallic blue and golden fabric. Rooted eyelashes, golden earrings, and golden opera gloves complete this lavish look."
Sapphire DreamÂź BarbieÂź Doll,1995,13255,Limited Edition,Society Style CollectionÂź,Collector,,"BarbieÂź doll will surely take your breath away in this fabulous blue ensemble! Wearing a simple yet elegant sapphire-blue gown and matching blue wrap with golden accents, this limited edition doll captures the essence of her namesake. Her long blond hair cascades around her shoulders, and is accented by an adorable blue hair ribbon with golden trim. Golden drop earrings and rooted eyelashes complete BarbieÂź doll's stunning look."
Emerald Enchantmentâą BarbieÂź Doll,1996,17443,Limited Edition,Society Style CollectionÂź,Collector,,"A stunning vision in green, Emerald Enchantmentâą BarbieÂź doll is surrounded by a swirling gown sparkling with golden highlights. The third and final doll in the Society Style CollectionÂź available exclusively at Toys R Us, BarbieÂź wears an emerald green dress with a taffeta bodice and velvety skirt. She has an emerald green shawl edged in golden thread. Accessories include a headband, earrings, and a golden hand ring. She is a true beauty for all to behold and treasure always."
Royal Invitation Barbie Doll,1993,10969,,,Play line,,
Theater Elegance Barbie Doll,1994,12077,Special Limited Edition,,Collector,,
Jewel Princessâą BarbieÂź Doll,1996,15826,Limited Edition,Winter Princess Collection,Collector,,"Celebrate the holidays in royal fashion. This elegant, Limited Edition doll from the Winter Princess Collection wears a short, red velvety coat trimmed in soft, white cozy ""fur. "" The peplum styling accents BarbieÂź doll's tiny waist while her jaunty red hat complements her long, blonde hair. From her snowy muff to her classic, plaid skirt, she's the perfect doll to warm your holiday season."
Men's Ken Box Costume,2023,10655,,,,,"Having a great smile filled with pearly whites is nice. Fixing your hair into a stylish do is cool... Wearing fashionable clothing is fine and all. However, what's the point of all of that if you're just walking around in the world completely unprotected?"
Evergreen Princess BarbieÂź Doll (blonde),1994,12123,Limited Edition,Winter Princess Collection,Collector,,"BarbieÂź doll is dressed in a stunning evergreen gown accented by golden ribbons of fabric. Her long wavy hair is pulled away from her delicately featured face by a golden headband, showing off the lovely golden earrings that dangle from her dainty ears. A matching golden choker hangs around her neck."
,,17577,,,,,
Peppermint Princessâą BarbieÂź Doll,1995,13598,Limited Edition,Winter Princess Collection,Collector,,"BarbieÂź doll makes a delightful princess in this candy cane-inspired ensemble. She's dressed in a sleeveless red fitted bodice with white faux fur-trimmed collar and cap, long white fingerless gloves, and a red and white striped full skirt. Golden floral accents at her waist and in her hair complement this candy-inspired costume."
Peppermint Princessâą BarbieÂź Doll,1995,13598,Limited Edition,Winter Princess Collection,Collector,,"BarbieÂź doll makes a delightful princess in this candy cane-inspired ensemble. She's dressed in a sleeveless red fitted bodice with white faux fur-trimmed collar and cap, long white fingerless gloves, and a red and white striped full skirt. Golden floral accents at her waist and in her hair complement this candy-inspired costume."
Peppermint Princessâą BarbieÂź Doll,1995,13598,Limited Edition,Winter Princess Collection,Collector,,"BarbieÂź doll makes a delightful princess in this candy cane-inspired ensemble. She's dressed in a sleeveless red fitted bodice with white faux fur-trimmed collar and cap, long white fingerless gloves, and a red and white striped full skirt. Golden floral accents at her waist and in her hair complement this candy-inspired costume."
Water Lilyâą BarbieÂź Doll,1997,17783,Limited Edition,Artist Series,Collector,,The first doll in a limited edition series based on artwork of famous artists. Water Lilyâą BarbieÂź doll's dress features a water lily print with a three-layer ruffle wrapping around it. Translucent beads cascade over her left shoulder and down the front of the gown and her beautiful golden hair is worn in a loose bun with long tendrils. Her hair is also adorned with two pink waterlilies and a colorful blue streak.
Water Lilyâą BarbieÂź Doll,1997,17783,Limited Edition,Artist Series,Collector,,The first doll in a limited edition series based on artwork of famous artists. Water Lilyâą BarbieÂź doll's dress features a water lily print with a three-layer ruffle wrapping around it. Translucent beads cascade over her left shoulder and down the front of the gown and her beautiful golden hair is worn in a loose bun with long tendrils. Her hair is also adorned with two pink waterlilies and a colorful blue streak.
BarbieÂź Doll as Marilynâą in the Pink Dress from Gentlemen Prefer Blondesâą,1997,17451,,Hollywood Legends CollectionÂź,Collector,,"More Hollywood glamour and excitement! From Gentlemen Prefer Blondes, BarbieÂź doll as Marilyn shines in a beautiful recreation of the pink satin dress worn by Marilyn as she sings the famous song ""Diamonds Are A Girl's Best Friend. "" Her dress includes the stunning oversized bow with its contrasting black taffeta lining. Accented with incredible accessories, including two rhinestone bracelets, rhinestone necklace and earrings. All the sparkle and excitement of one of the most popular Marilyn Monroe films has been recaptured as only BarbieÂź can do it!"
1994 Happy HolidaysÂź Gala BarbieÂź Doll,1994,13545,Special Edition,Happy HolidaysÂź Series,Collector,,BarbieÂź doll wears a glamorous Christmas-inspired dress.
Glo-Go #1865,1969,1865,,,,,"Ready for the dance floor, BarbieÂź doll twirled in swirls of chiffon and metallic knit. The halter-top featured a high collar red lame bodice and matching belt at the empire waist. The fabric was a red lame, which is very fragile and is rarely seen without some silvering on the lame. The white chiffon skirt was swirled with raspberry and sprinkled with dots. The skirt was lined with white satin. Red closed toe shoes completed the stunning set."
Sparkle Beauty Barbie Doll,1997,17251,Special Edition,,Collector,,Barbie is at her lovely best in a gown created just for her!
Midnight Waltzâą BarbieÂź Doll,1996,15685,,Ballroom Beauties Collection,Collector,,"BarbieÂź doll is the belle of the ball in her midnight blue, velvety ball gown. Strands of faux pearls adorn her glamorous skirt, while a white satiny drape adds softness and contrast, and an underskirt of lace peeks out in front. Accessories include long white opera gloves and a double strand faux pearl necklace. From the bow in her hair to the dainty fan in her hand, everything about this stunning Limited Edition doll will make you want to dance."
Moonlight Waltz BarbieÂź Doll,1997,17763,,Ballroom Beauties Collection,Collector,,"Moonlight Waltzâą BarbieÂź looks sensational in a brick red taffeta gown with black tulle and sequins, and a chiffon shawl. Her dark hair is styled into an elegant upsweep, accented by a pleated headband with black feathers. Rhinestone drop earrings add a glamorous touch to this delightful doll."
Angel Princess Barbie,1996,15911,,,Play line,,
Sweet Valentineâą BarbieÂź Doll,1996,14880,,,,,"For hundreds of years, February 14 has been celebrated as St. Valentine's Day, a time to send and receive tokens of love. And nothing could be a better symbol of love than Sweet Valentineâą BarbieÂź. She wears a charming gown of softest pink, adorned with roses, the symbol of love. From her lovely dark hair, swept back from her face, to the gracious folds of her elegant gown, her every detail will touch your heart. Sweet Valentineâą BarbieÂź. It will be love at first sight."
,,16093,,,,,
Busy Gal BarbieÂź Doll,1995,13675,,,,,"This nostalgic reproduction of the 1960 Busy Gal fashion features BarbieÂź doll as a brunette with the curled bangs, ponytail, and wearing the fabulous red and white fashion ensemble. The Busy Gal fashion consists of a red and white striped blouse, red jacket with matching striped lining, and a knee-length tailored red skirt. An adorable little black hat with matching red and white striped lining sits atop BarbieÂź doll's hair. Vintage face painting adds to the doll's nostalgic essence."
Solo in the SpotlightÂź BarbieÂź Doll (Brunette),1995,13820,Special Edition,,Collector,,"In a fitted black shimmering sheath gown that flairs at the hem, BarbieÂź doll re-creates the popular 1960 Solo in the Spotlight fashion. Simple yet elegant, this wonderful reproduction features BarbieÂź with a brunette ponytail and vintage face paint. Additional details include black pumps, long black gloves, a pink scarf, and a four strand faux pearl necklace. What a stunning reproduction!"
Fao Schwarz - Circus Star BarbieÂź,1995,13257,Limited Edition,,Collector,,
BarbieÂź as Dorothyâą in The Wizard of Ozâą,1995,12701,Collector Edition,The Wizard of Ozâą Collection,Collector,,"BarbieÂź as Dorothy is off to see the wizard! And she's wearing an authentic replica of the dress Dorothy wore in the movie. From her crisp blue gingham jumper and white petticoat all the way down to her magical ""ruby"" slippers, this Collector Edition doll is sure to make you smile. She even carries her little dog Toto in her basket. So follow the Yellow Brick Roadâą and join her in a land of pure enchantment as BarbieÂź doll portrays Dorothy in The Wizard of Ozâą."
KenÂź Doll as the Cowardly Lionâą from The Wizard of Ozâą,1997,16573,Collector Edition,The Wizard of Ozâą Collection,Collector,,"Coming to you directly from the forest in the land of Ozâą is KenÂź doll as the Cowardly Lionâą. He's wearing a fleecy lion suit and his body is fully poseable. You can even make him hold his tail when he's afraid, just as he does in the movie. He comes with a crown and a badge of courage. Ken as the Cowardly Lion will surely bring back wonderful memories of this very special character."
World Culture - Happy New Year - Oshogatsu,1995,14024,,,Play line,,
KenÂź Doll as the Scarecrowâą from The Wizard of Ozâą,1997,16497,,The Wizard of Ozâą Collection,Collector,,"Say hello to KenÂź doll as The Scarecrowâą from one of the most beloved movies of all time. His outfit is an authentic reproduction of the costume seen in the classic film. He's adorable dressed in a green jacket and brown pants. Rope is tied at his waist and around his neck and sleeves. Hand sewn patches complete the quality detailing on his pants. His body is fully poseable, so he can be posed in lots of floppy ways!"
KenÂź as the Tin Manâą in The Wizard of Ozâą,1996,14902,,The Wizard of Ozâą Collection,Collector,,"Wait until you see Ken as the lovable Tin Manâą in this wonderful recreation from everyone's favorite movie. He wears a metallic-looking, silvery ensemble that even has rivets accenting all his joints. He has a poseable body and comes with an oil can, ax and even a red heart-shaped ""clock"" (just like the one the Wizard gave him in the movie). Follow the Yellow Brick Roadâą with this very special Collector Edition doll. KenÂź doll as the Tin Man may be in search of a heart, but he's sure to win yours in this wonderful, whimsical costume."
Calvin Klein BarbieÂź Doll,1996,16211,Limited Edition,,Collector,,"What could be hipper? It's a very cool BarbieÂź doll dressed from head to toe in Calvin Klein designer clothes. She wears a real denim skirt with an authentic CK label and her trendy grey crop top is covered by a denim jacket. Her accessories include an adorable back pack, a CK windbreaker with, of course, a big Calvin Klein logo on the back, sneakers and a baseball cap. Even her underwear sports the familiar Calvin Klein logo."
Calvin Klein BarbieÂź Doll,1996,16211,Limited Edition,,Collector,,"What could be hipper? It's a very cool BarbieÂź doll dressed from head to toe in Calvin Klein designer clothes. She wears a real denim skirt with an authentic CK label and her trendy grey crop top is covered by a denim jacket. Her accessories include an adorable back pack, a CK windbreaker with, of course, a big Calvin Klein logo on the back, sneakers and a baseball cap. Even her underwear sports the familiar Calvin Klein logo."
Fao Schwarz - Silver Screen BarbieÂź,1994,11652,Special Edition,,Collector,,Barbie Fao Schwarz - Silver Screen BarbieÂź #11652
Poodle ParadeÂź BarbieÂź Doll,1996,15280,Limited Edition,,Collector,,"Everyone loves a parade, and BarbieÂź doll could lead one in this reproduction of a 1965 BarbieÂź doll and vintage fashion. Her facepaint, sculpting and hairstyle are pure nostalgia, while her fitted olive green jumper and checkered knit coat make you yearn for the fashion sense of yesterday. Her accessories include a pink scarf, tote bag, sunglasses, trophy and first prize certificate."
Holiday MemoriesÂź BarbieÂź Doll,1995,14106,Special Edition,Holiday Barbieâą Dolls,Collector,,"Greetings from Holiday MemoriesÂź BarbieÂź doll! Together, BarbieÂź and Hallmark have teamed up to bring you this very special doll commemorating the 85th anniversary of Hallmark Cards. BarbieÂź is dressed in a lovely white flared jacket and skirt with a red skirt underneath. Her jacket is trimmed in brown faux fur at the collar and cuffs, and the ensemble is accented with a red and white hat and brown knee-high boots."
BarbieÂź Doll as Scarlett OâHara (BBQ Dress),1995,12997,,Hollywood Legends CollectionÂź,Collector,,"BarbieÂź doll as Scarlett is ready to attend a fun and fancy barbeque in this lovely dress. She wears a flowing white gown with green floral print, a green parasol, and a wide-brimmed ""straw"" hat."
BarbieÂź Doll as Scarlett OâHara (Green Drapery Dress),1994,12045,,Hollywood Legends CollectionÂź,Collector,,Only Scarlett O'Hara could look stunning draped in lush green billows of fabric that once hung as curtains. Her ensemble is accented by golden trim and a matching green hat with golden trim. Sparkling emerald eyes and rooted eyelashes compliment the rich colors of the dress.
KenÂź Doll as Rhett Butler (Scarlett OâHara),1995,12741,,Hollywood Legends CollectionÂź,Collector,,KenÂź Doll as Rhett Butler looks absolutely breathtaking in her New Orleans honeymoon ensemble.
BarbieÂź Doll as Scarlett OâHara (black and white dress),1995,13254,,Hollywood Legends CollectionÂź,Collector,,"BarbieÂź doll as Scarlett looks absolutely breathtaking in her New Orleans honeymoon ensemble. Outfit includes a gorgeous white gown, matching hat and faux fur muff, along with a black lacy veil and matching arm cuffs."
BarbieÂź Doll as Scarlett OâHara (Red Dress),1994,12815,,Hollywood Legends CollectionÂź,Collector,,"Attending Ashley's birthday party, Scarlett is sure to turn heads in this gorgeous red velvet gown with marabou feathers. Her hair is styled in lovely brown ringlets, and golden accessories include drop earrings and bracelet."
Escada BarbieÂźÂ Doll,1996,15948,Limited Edition,,Collector,,"It's high fashion, high drama and another first for BarbieÂź doll as she wears a reproduction of an original Escada design. Her exquisite European design features a fitted, black velvet bodice, surrounded by layers of pink silk shantung that creates a graceful cascade of fabric around this radiant BarbieÂź. The result is a stunning doll and a spellbinding example of haute couture. A Limited Edition doll, Escada BarbieÂź doll features long, rooted eyelashes, a stunning silk stole, long beaded earrings and ultimate glamour."
Mrs. P.F.E. Albeeâą BarbieÂź Doll,1997,17690,Collector Edition,Avon Exclusives,Collector,,"Say hello to Mrs. P. F. E. Albeeâą BarbieÂź doll, designed to honor the very first Avon Representative. Mrs. Persus Foster Eames Albee was a woman of considerable spirit and style. Mrs. Albee would set out, attired in an outfit very similar to the one that this doll is wearing now. Selling products door-to-door in Winchester, New Hampshire, she represented the California Perfume Company, which would later become Avon. She is wearing a lovely lavender taffeta gown with tiered layers near the waist, puffy sleeves and an elegant train with bustles in back. Her lavender taffeta hat has a net bow in back and pink, gold and purple roses in front. Her accessories include lace-up style shoes, a California Perfume Company brochure, golden stud earrings and hand ring. Mrs. Albee was truly the first and finest of many very special Avon Representatives."
,,16710,,,,,
BarbieÂź and KenÂź 30th Anniversary Star Trek Giftset,1996,15006,Collector Edition,Star Trek Dolls,Collector,,"Join BarbieÂź and Ken for a special mission aboard the U. S. S. Enterpriseâą in this tribute to the original Star Trek series. BarbieÂź doll is an Engineering Officer in her short, red uniform with black trim. She wears an authentic insignia and carries a Tricorderâą and a Communicator. KenÂź doll wears a gold jersey and insignia indicating he is a Command Officer. He carries a Phaserâą and Communicator. The dolls are displayed in a fun, commemorative package along with Captain James T. Kirkâą and First Officer Spockâą. Beam aboard, and let the adventure begin."
Statue of Liberty BarbieÂź Doll,1996,14664,Limited Edition,FAO Schwarz American Beauties Collection,Collector,,"She's a symbol of liberty and a beacon of beauty. Meet Statue of Liberty BarbieÂź, the very first doll in the FAO Schwarz American Beauties Collection. She was designed as a tribute to the 110th anniversary of the Statue of Liberty, given to the United States by France to commemorate our centennial. Created by talented Mattel designer Heather Dutton, this exceptional Limited Edition doll captures the grace and beauty of the original Lady Liberty. From her gleaming torch to her majestic crown and shimmering red, white and blue gown she captures the spirit of America. Statue of Liberty BarbieÂź doll. Regal, majestic, beautiful. Let the fireworks begin!"
Starlight WaltzÂź BarbieÂź Doll,1995,14070,Limited Edition,Ballroom Beauties Collection,Collector,,"As she enters the ballroom, all eyes turn to BarbieÂź doll. She's positively breathtaking in a magenta satiny bodice with white faux fur collar, and a floor-length metallic-woven ball skirt of textured jewel tones. Her billowing blond hair is pulled up and tied with a silvery hair jewel."
Tangerine Twistâą BarbieÂź Doll,1998,17860,Collector Edition,Fashion Savvy CollectionÂź,Collector,,"She's smart. She's classy. And just a little bit sassy. She's today's African-American woman â glamorous, exciting and confident. Tangerine Twistâą BarbieÂź doll has style that doesn't stop and she's not afraid to show it â expressing herself with a personal touch that makes the difference. Here, with a satiny suit that's all shimmer and sparkle, she wears a stylish leopard print hat with feathers, ""leather"" gloves, handbag and shoes."
Autumn Gloryâą BarbieÂź Doll,1996,15204,Collector Edition,Enchanted Seasons CollectionÂź,Collector,,"She's a doll as magical as the seasons of your childhood. Meet Autumn Gloryâą BarbieÂź doll from the Enchanted Seasons CollectionÂź. Her long, chiffon gown shimmers in hues of copper and auburn. Adorned with fall leaves and accented with hints of purple and gold, her gown flows around her like an autumn breeze. The fitted, metallic appliquĂ©d bodice glitters like sunshine dancing through the trees, and even her earrings are shaped like graceful golden leaves. Her long, auburn hair falls gently past her shoulders, and a dark, wine colored hat, embellished with feathers and leaves, adds the final touch to this wondrous autumn portrait."
Spring Bouquetâą BarbieÂź Doll,1995,12989,Collector Edition,Enchanted Seasons CollectionÂź,Collector,,"What better way to herald the coming of spring than with the beautiful Spring Bouquetâą BarbieÂź doll from the Enchanted Seasons CollectionÂź. Sheltered from the sun in her wide-brimmed pink hat with pastel blue trim, Barbie's ready for a day of fun. Her cascading blond hair and flowing pastel floral print dress make BarbieÂź as lovely as the hand-picked flowers in her white basket."
French Ladyâą BarbieÂź Doll,1997,16707,Collector Edition,The Great ErasÂź Collection,Collector,,"Behold the exquisite French Lady BarbieÂź doll in a gown that was all the rage in Napoleon's court. Its empire styling mimics the elongated elegance of a classical Greek column; its predominant color is French blue, a color much favored by royalty in France. The underskirt is dotted with golden fleurs-de-lis, a long-lived symbol of French royalty. French Lady Barbie, from the Great ErasÂź Collection, has hair gathered into a golden mesh headpiece and her lovely face is trimmed in tiny chestnut curls. Her skin is fair, her eyelashes rooted, while her faux turquoise jewelry complements the French blue of her gown. She truly captures the magnificence of the great Napoleonic Age."
Matinee Todayâą BarbieÂź Doll,1996,16079,Limited Edition,Barbie Millicent RobertsÂź Collection,,,"It's the perfect combination and a wonderful way to start your BarbieÂź Millicent Roberts Collection. The giftset includes a unique BarbieÂź doll in a bustier with garters, stockings, pumps, pink satin robe and underpants. Never one to sit at home, her second, limited edition fashion is a chic dinner date outfit with black leotard, skirt and short pink jacket. From pert black pumps to a matching handbag, the set includes details and accessories collectors will love."
Pink Ice Barbie Doll,1996,15141,Limited Edition,,Play line,,"Pink Ice Barbie was a Toys R Us exclusive and came out in 1996. She has rooted eyelashes and the Bob' Mackie head mold. She wears a pink silk vest embellished with beads and sequins and pink marabou feathers. At the time of release, she was the most expensive Toys R Us exclusive to date and Toys R Us proclaimed that Barbie had taken fashion to a glamorous new height."
Chinese Empressâą BarbieÂź Doll,1997,16708,Collector Edition,The Great ErasÂź Collection,Collector,,"Another triumph from the Great ErasÂź Collection, Chinese Empress BarbieÂź doll's costume captures the authentic look and feel of the Qing dynasty. From her hat, to her elaborate jacket, emblazoned with 2 dragons, to her mandarin collar jacquard dress, each piece has been recreated to match the look and feel of the period. Chinese Empress BarbieÂź doll wears red slippers fitted over molded platforms, also typical of that age. Her jewelry is faux jade. She wears faux jade drop earrings and one ""jade"" and one golden necklace, the Chao Zhu, whose lengths also indicated her rank. The overall effect is a stunningly intricate costume that every collector will treasure."
Olympic Gymnast Barbie Doll,1995,15123,,,Play line,,"Barbie is off to the Olympics. She wears a red, white, and blue gymnastics suit and has a medal around her neck. Barbie also includes a gym bag and a ""magic tumbling ring for somersaults, cartwheels and more!"""
Donna Karan BarbieÂź Doll,1995,14545,Limited Edition,,Collector,,"Sporting a fabulous Donna Karan-designed ensemble, BarbieÂź doll wears a black mock turtleneck, sarong skirt, red fringed shawl, black hose, and a beret. Accessories include a purse, black sunglasses, and a Bloomingdale's shopping bag."
Donna Karan BarbieÂź Doll,1995,14545,Limited Edition,,Collector,,"Sporting a fabulous Donna Karan-designed ensemble, BarbieÂź doll wears a black mock turtleneck, sarong skirt, red fringed shawl, black hose, and a beret. Accessories include a purse, black sunglasses, and a Bloomingdale's shopping bag."
,,13911,,,,,
Summer Sophisticateâą BarbieÂź Doll,1995,15591,,,,,"Sheâs cool and sophisticated in this elegant summer fashion. Her short, cropped jacket slips off to reveal a stunning dress of pink and white silk shantung with accents of yellow and blue. Her matching hat is decorated with delicate flowers, and of course, BarbieÂź wouldnât go anywhere without coordinated shoes and handbag. A porcelain rose on her lapel, a strand of faux pearls and the perfect travel bag add the flawless finish to this refined and charming Spiegel doll."
Christian Dior BarbieÂź Doll,1995,13168,Limited Edition,Christian Dior BarbieÂź Dolls,Collector,,"BarbieÂź doll wears only the most fabulous clothing, designed by the world's premier designers! In this stunning Christian Dior creation, BarbieÂź models an exquisite gold, black, and red metallic brocade gown that includes a fitted jacket and matching floor-length skirt. Golden beads and rhinestones accent the sleeves of her stunning jacket. Her blond hair is pulled back into an elegant chignon style, revealing golden leaf earrings."
Shopping Chic Barbie Doll,1995,14009,Exclusive Edition,,Collector,,"Style to stroll in! Barbie looks her fashionable best in her new outfit! With head-to-toe matching accessories, she and her pretty poodle are turning heads everywhere they go!"
Byron Lars In the Limelightâą BarbieÂź Doll,2010,17031,Limited Edition,Byron Lars BarbieÂź Dolls,Collector,,"The first doll in Byron Lars' magnificent Runway Collection, In the Limelightâą BarbieÂź celebrates fresh, contemporary fashion. BarbieÂź is powerful, feminine, dynamic and glamorous. Her velvety gown of rich chocolate brown is boldly accented with a metallic cape lined in luscious lime. Strappy shoes and a dash of faux fur complete her dramatic look. Dynamic. Sophisticated. Completely unique."
Donna Karan BarbieÂź Doll,1995,14452,Limited Edition,,Collector,,"Sporting a fabulous Donna Karan-designed ensemble, BarbieÂź doll wears a black mock turtleneck, sarong skirt, red fringed shawl, black hose, and a beret. Accessories include a purse, black sunglasses, and a Bloomingdale's shopping bag."
,,15825,,,,,
Bob Mackie Goddess of the SunÂź BarbieÂź Doll,1995,14056,Limited Edition,Bob Mackie BarbieÂź Dolls,Collector,,"Befitting a dazzling goddess, BarbieÂź wears a gown encrusted with over 11, 000 hand-sewn sequins and beads. The sparkling bodice and slim skirt accentuate her perfect proportions. A luminous collar, echoing the rays of the sun sits gently on her shoulders. Her unique, yellow gold hair shines like golden flax above a majestic headpiece accented with rhinestones. Earrings shaped like miniature suns brighten her mysterious smile."
Midnight Galaâą BarbieÂź Doll,1995,12999,Collector Edition,ClassiqueÂź Collection,Collector,,"The clock strikes twelve and BarbieÂź doll makes a grand entrance. Wearing an elegant black velvet gown with gold glitter and rhinestones accenting the bodice, she's certain to turn heads. Her dramatic cape with ornate detailing tops off this truly stunning design. This ultra glamorous ClassiqueÂź Collection doll was created by veteran Mattel designer Abbe Littleton. From her long golden earrings and jeweled headpiece, to her rooted eyelashes and perfectly placed beauty mark, BarbieÂź makes this one gala you'll never forget."
Bob Mackie Goddess of the SunÂź BarbieÂź Doll,1995,14056,Limited Edition,Bob Mackie BarbieÂź Dolls,Collector,,"Befitting a dazzling goddess, BarbieÂź wears a gown encrusted with over 11, 000 hand-sewn sequins and beads. The sparkling bodice and slim skirt accentuate her perfect proportions. A luminous collar, echoing the rays of the sun sits gently on her shoulders. Her unique, yellow gold hair shines like golden flax above a majestic headpiece accented with rhinestones. Earrings shaped like miniature suns brighten her mysterious smile."
Pink Splendor âą BarbieÂź Doll,1997,16091,Limited Edition,,Collector,,"Limited to only ten thousand pieces worldwide. BarbieÂź doll's pale pink gown is made of fine silk satin and trimmed in a delicate, glittering lace. The exquisite bodice is made of golden lace over pale pink taffeta, accented beautifully with shimmering rhinestones. A wide pink ribbon forms a bow in the back that flows down into a sumptuous train. The back of her gown is adorned with graceful pink roses while crystal jewelry adds a regal charm. Her accessories include pink silk panties, iridescent stockings and lovely pink garters. Finally, her dramatic up-do adds to the grandeur of one of the most Limited Edition BarbieÂź dolls of 1996."
Bob Mackie Madame du BarbieÂź Doll,1997,17934,Limited Edition,Bob Mackie BarbieÂź Dolls,Collector,,Madame du BarbieÂź doll captures the majesty and opulent elegance of the eighteenth century royal court of France. Her gown is a breathtaking confection of ice blue brocade with bead and jewel-embellished rococo embroidery. The coiffure and headpiece are appropriate for the most elegant of royal occasions.
Bob Mackie Empress BrideÂź BarbieÂź Doll,1992,4247,Timeless Treasuresâą,Bob Mackie BarbieÂź Dolls,Collector,,"Fifth in the Mackie series, Empress BrideÂź BarbieÂź doll is considered by many to be the ultimate bride doll in the BarbieÂź Collectibles line. She wears an ivory brocade gown with golden embroidery in a fleur-de-lis design, an expansive layered, pleated tulle skirt, tiara crown with marquis-cut rhinestone and veil, and beaded choker."
Shopping Chic Barbie Doll,1995,14009,Exclusive Edition,,Collector,,"Style to stroll in! Barbie looks her fashionable best in her new outfit! With head-to-toe matching accessories, she and her pretty poodle are turning heads everywhere they go!"
Nicole Miller City Shopperâą BarbieÂź Doll,1996,16289,Limited Edition,Nicole Miller BarbieÂź Dolls,Collector,,"BarbieÂź doll shows her fashion sense in a fabulous Nicole Miller ensemble designed exclusively for Macy's. BarbieÂź is wonderfully chic in an off-white jacquard coat with matching slim, sleeveless dress in the same fabric. Her striking coat is lined with a muted pastel Nicole Miller silk print of signature BarbieÂź icons. Accessories include a white handbag, white pumps, faux pearl bracelet, and of course, a Macy's shopping bag. With her auburn hair color and green eyes, this Limited Edition doll makes it apparent why both BarbieÂź doll and Nicole Miller are such big stars."
Diamond Dazzleâą BarbieÂź Doll,1997,15519,Collector Edition,Bob Mackie BarbieÂź Dolls,Collector,,"She's as precious as the stone for which she is named. Diamond Dazzleâą BarbieÂź doll, from the Jewel Essence Collectionâą by Bob Mackie, is a vision of sophistication in her magnificent gown. This collection celebrates the glamour and brilliance of jewels and each doll is adorned with beautiful SwarovskiÂź crystals. Here, BarbieÂź is dressed in rich black velvet and white satin with crystal rhinestones blazing like stars across the midnight sky. You'll treasure her as you would your finest jewelry."
Holiday Jewelâą BarbieÂź Doll,1995,14311,Collector Edition,Holiday Porcelain Barbie CollectionÂź,,,"She brings the warmth and joy of the holidays right into your home. Presenting Holiday Jewelâą BarbieÂź doll. The first porcelain holiday BarbieÂź ever created, and the premier doll in an exciting collection. BarbieÂź doll's cheeks blush with the glow of the season. Her rich, velvet gown sparkles with rhinestones and glows with sumptuous embroidery. A gleaming embroidered tiara crowns her beautiful hair and golden earrings complete her holiday look. Made of fine bisque porcelain, meticulously hand painted, this numbered, Limited Edition doll comes complete with a Certificate of Authenticity and doll stand. Sure to be a doll you cherish forever, Holiday Jewel BarbieÂź lets you enjoy the magic of the holidays all through the year."
Bob Mackie Fantasy Goddess of AsiaÂź BarbieÂź Doll,1998,20648,Limited Edition,Bob Mackie BarbieÂź Dolls,Collector,,"The International Beauty Collection is designed to celebrate worldwide beauty in the dramatic fantasy style of Bob Mackie. BarbieÂź as the Fantasy Goddess of AsiaÂź is inspired by the bold colors and icons of the orient in a striking gown of chartreuse and green. Delicate sheer illusion netting and dazzling beading accent her bodice, and a dramatic fan decorated with a dragon spreads behind her as a brilliant frame to the total creation."
Gallery Openingâą Fashion,1998,18893,Limited Edition,Official Barbie Collector Clubâ  Exclusives,Collector,,"BarbieÂź doll will turn heads when she wears this versatile silky sheath dress perfect for both day and evening attire. Dress consists of a turquoise faux wrap skirt and matching bodice. Accompanying the dress is a fabulous patterned coat with matching turquoise-colored buttons and trim, and a lovely faux-suede hat with ""flowers"" accenting the brim. Additional accents include tan shoes and faux-suede purse with a golden chain shoulder strap. A very special finishing touch is the golden charm bracelet with the BMR insignia."
2007 Holidayâą BarbieÂź Doll,2007,K7958,,Holiday Barbieâą Dolls,Collector,,"The 2007 Holidayâą BarbieÂź doll captures all the warmth and magic of the season in an adorable Santa-inspired look, as only BarbieÂź doll could do so well. Dressed in a very merry strapless crimson gown, our ""Miss Claus"" is both exceedingly gorgeous and undeniably festive. One thing's for sure: this holiday stunner will be making spirits bright in 2007 and beyond!"
Bob Mackie Starlight Splendorâą BarbieÂź Doll,1991,2703,Timeless Treasuresâą,Bob Mackie BarbieÂź Dolls,Collector,,"Second in the Mackie series, this stunning and exotic creation features an African American BarbieÂź fitted in a black and silvery gown with over 5000 hand-sewn sequins and beads, matching silvery headdress and feather train."
Paleontologist Barbie (AA),1996,17241,Special Edition,,Play line,,
50th Anniversary BarbieÂź Doll,1995,14479,Limited Edition,Anniversary Dolls,Collector,,"BarbieÂź doll helps commemorate Mattel's golden anniversary in this fabulous ensemble! Dressed in a rich red velvet gown adorned with fifty red roses, BarbieÂź truly is a majestic vision. Her slender gown tapers to a row of glittering red beads, then flares dramatically at the bottom into dozens of shiny golden pleats. On her wrist, she wears a special commemorative 23 karat gold electroplated bracelet with ""Mattel"" on one side, and ""50th"" on the other. This stunning doll was handcrafted in fine bisque porcelain."
Amethyst Auraâą BarbieÂź Doll,1997,15522,Collector Edition,Bob Mackie BarbieÂź Dolls,Collector,,"From the Jewel Essence Collectionâą by Bob Mackie comes Amethyst Auraâą BarbieÂź doll. Every doll in the collection sparkles in the color of a jewel and is adorned with beautiful SwarovskiÂź crystals. Everything about her emits the glamour, feeling, and richness of an amethyst. This doll walks in quiet beauty in a soft velvet and satin gown with crystal rhinestones. With tiny violet beads sparkling in her long hair, she is a lovely enchantress."
Ruby Radianceâą BarbieÂź Doll,1997,15520,Collector Edition,Bob Mackie BarbieÂź Dolls,Collector,,"Feast your eyes on this vision in red. From the Jewel Essence Collectionâą by Bob Mackie comes Ruby Radianceâą BarbieÂź doll, emitting the glamour, feeling and richness of a beautiful ruby. Each doll in the series is adorned with beautiful SwarovskiÂź crystals. She seems to be glowing in a deep, dark, fiery red gown and turban flickering with red crystal rhinestones. With her ruffled boa surrounding her like flames, she is the essence of the warmest jewel of all."
Midnight Waltzâą BarbieÂź Doll (Brunette),1996,16705,,Ballroom Beauties Collection,Collector,,"BarbieÂź Doll is the belle of the ball in her midnight blue, velvety ball gown. Strands of faux pearls adorn her glamorous skirt, while a white satiny drape adds softness and contrast, and an underskirt of lace peeks out in front. Accessories include long white opera gloves and a double strand faux pearl necklace. From the bow in her lovely brunette hair to the dainty fan in her hand, everything about this stunning Limited Edition doll will make you want to dance."
Shopping Chic Barbie Doll (AA),1995,15801,Exclusive Edition,,Collector,,"Style to stroll in! Barbie looks her fashionable best in her new outfit! With head-to-toe matching accessories, she and her pretty poodle are turning heads everywhere they go!"
,,12593-0910,,,,,
Bob Mackie Goddess of the SunÂź BarbieÂź Doll,1995,14056,Limited Edition,Bob Mackie BarbieÂź Dolls,Collector,,"Befitting a dazzling goddess, BarbieÂź wears a gown encrusted with over 11, 000 hand-sewn sequins and beads. The sparkling bodice and slim skirt accentuate her perfect proportions. A luminous collar, echoing the rays of the sun sits gently on her shoulders. Her unique, yellow gold hair shines like golden flax above a majestic headpiece accented with rhinestones. Earrings shaped like miniature suns brighten her mysterious smile."
Summer SplendorÂź BarbieÂź Doll,1997,15683,Limited Edition,Enchanted Seasons CollectionÂź,Collector,,"Summer SplendorÂź BarbieÂź doll will delight your eyes like a field of daisies on the clearest of summer days. Her crisp yellow and white gingham-print dress is complemented by a shimmering white, flocked overskirt. Her beautiful face is shaded from the summer sun by a sumptuous hat with colorful strawberry and daisy decoration. Every detail is perfect, down to her matching parasol, also accented with strawberries and daisies. Her dark, flowing hair has been lovingly styled to highlight her delicate face."
Bob Mackie Neptune Fantasyâą BarbieÂź Doll,1992,4248,Timeless Treasuresâą,Bob Mackie BarbieÂź Dolls,Collector,,"Second in the Mackie series, this stunning and exotic creation features an African American BarbieÂź fitted in a black and silvery gown with over 5000 hand-sewn sequins and beads, matching silvery headdress and feather train."
Christian Dior BarbieÂź Doll,1995,13168,Limited Edition,Christian Dior BarbieÂź Dolls,Collector,,"BarbieÂź doll wears only the most fabulous clothing, designed by the world's premier designers! In this stunning Christian Dior creation, BarbieÂź models an exquisite gold, black, and red metallic brocade gown that includes a fitted jacket and matching floor-length skirt. Golden beads and rhinestones accent the sleeves of her stunning jacket. Her blond hair is pulled back into an elegant chignon style, revealing golden leaf earrings."
,,J9817,,,,,
Bob Mackie Platinum BarbieÂź Doll,1991,2704,Timeless Treasuresâą,Bob Mackie BarbieÂź Dolls,Collector,,"Sixth in the Mackie series, Masquerade Ballâą BarbieÂź wears a multi-colored harlequin gown of vivid glass bugle beads sewn in diamond patterns, and accented with a velvety black overskirt. Her braided titian hair is topped by an elaborate black hat with feathers."
Bob Mackie Queen of Hearts BarbieÂź Doll,1994,12046,,Bob Mackie BarbieÂź Dolls,Collector,,"Queen of Hearts BarbieÂź wears a luscious red ensemble featuring a gorgeous sequined gown, heart-embroidered cape, and fanciful headdress, all offset by her stunning features and dark upswept hair."
Bob Mackie Masquerade Ballâą BarbieÂź Doll,1993,10803,Timeless Treasuresâą,Bob Mackie BarbieÂź Dolls,Collector,,"Sixth in the Mackie series, Masquerade Ballâą BarbieÂź wears a multi-colored harlequin gown of vivid glass bugle beads sewn in diamond patterns, and accented with a velvety black overskirt. Her braided titian hair is topped by an elaborate black hat with feathers."
Bob Mackie Moon GoddessÂź BarbieÂź Doll,1996,14105,Limited Edition,Bob Mackie BarbieÂź Dolls,Collector,,"Moon GoddessÂź BarbieÂź wears a shimmering midnight blue sheath covered with sequins. A fanciful ""moonbeam"" drapes over her shoulder and falls into an elegant floor length cape, accented with stars. Her hair is swept up beneath a deep blue hat and dangling crescent earrings complete the fantasy."
1996 Happy HolidaysÂź BarbieÂź Doll,1996,15647,Special Edition,Happy HolidaysÂź Series,Collector,,"In a charming burgundy velvet coat trimmed in luxurious white faux fur, BarbieÂź doll welcomes the holiday season. Underneath her lovely velvet coat is a golden-tiered skirt. A gorgeous white faux fur muff and hat match the fur accents at her collar and sleeves."
Jeweled SplendorÂź BarbieÂź Doll,1995,14061,Collector Edition,Diva Collectionâą,Collector,,"One of the few BarbieÂź dolls to wear a black gown, Jeweled SplendorÂź BarbieÂź makes a dramatic statement in this gorgeous floor-length black velvet gown. The bottom of the dress is trimmed in golden braid, accented with colorful ""jewels"". Her bodice is also accented by ""jewels"", creating a colorful â as well as spectacular â sight. Black pouffed sleeves, a colorful ""jeweled"" tiara, and golden necklace and earrings complete this exquisite ensemble."
1997 Happy HolidaysÂź BarbieÂź Doll,1997,17832,Special Edition,Happy HolidaysÂź Series,Collector,,"BarbieÂź doll is a true image of royal splendor in holiday red, snowy white and glittering gold with a golden tiara adorned with six ruby-colored gemstones. Festive accents include a jeweled choker and earrings."
Country Roseâą BarbieÂź Doll,1997,17782,Collector Edition,Grand Ole Opryâą Collection,Collector,,"The premiere doll from the Grand Ole Opryâą Collection, Country Roseâą BarbieÂź doll displays the style and glamour that made the Opryâą famous. Her stunning red satin ensemble is highlighted by black ""suede"" yolk and cuffs edged in golden trim. Beautiful embroidered roses, a white chiffon scarf and dazzling rhinestone accents add an elegant touch to her western outfit. From her rooted eyelashes and clear blue eyes, to her ""suede"" western hat, BarbieÂź is simply show-stopping. She even has her own guitar"
Bob Mackie Moon GoddessÂź BarbieÂź Doll,1996,14105,Limited Edition,Bob Mackie BarbieÂź Dolls,Collector,,"Moon GoddessÂź BarbieÂź wears a shimmering midnight blue sheath covered with sequins. A fanciful ""moonbeam"" drapes over her shoulder and falls into an elegant floor length cape, accented with stars. Her hair is swept up beneath a deep blue hat and dangling crescent earrings complete the fantasy."
Sapphire Splendorâą BarbieÂź Doll,1997,15523,Collector Edition,Bob Mackie BarbieÂź Dolls,Collector,,"World-famous designer Bob Mackie has designed a series of BarbieÂź dolls celebrating the beauty, glamour and brilliance of jewels. Here, Sapphire Splendorâą BarbieÂź weaves her spell in rich blue velvet and satin. Cool and elegant, her eyes deep as pools, she is exquisite in her sparkling headdress and sweeping gown with clear blue crystal rhinestones. The stones are beautiful SwarovskiÂź crystals. It's yet another glorious triumph for Bob Mackie."
Emerald Embersâą BarbieÂź Doll,1997,15521,Collector Edition,Bob Mackie BarbieÂź Dolls,Collector,,"Green has never looked so good. Meet Emerald Embersâą BarbieÂź doll from the Jewel Essence Collectionâą by Bob Mackie. Every doll in the collection sparkles in the color of a jewel and is adorned with beautiful SwarovskiÂź crystals. Here, Barbie, embraced in deep emerald green, glows like a jewel of the Amazon. Her eyes seem to smolder like the crystal rhinestones on her dress. Poised and regal, she is a tribute to the jewel of kings."
Soda Fountain Sweetheartâą BarbieÂź Doll,1996,15762,Collector Edition,COCA-COLAÂź BarbieÂź Series,Collector,,"They're two American symbols, together bringing the past to life. Meet Soda Fountain Sweetheartâą BarbieÂź doll, the premier doll in the nostalgic COCA-COLAÂź Fashion Classic SeriesÂź. For years, the COCA-COLA Ladies were the world's most glamorous advertising symbols. From calendars to magazines to serving trays, their image was everywhere, depicting fashionable women of the times. Now BarbieÂź adds her own timeless glamour and beautiful smile to those legendary ads as she brings the COCA-COLA Ladies to life. Lovingly created from a 1907 ad, every detail brings back those nostalgic days. Even the COCA-COLA glass and holder she carries is authentic to the times. BarbieÂź and COCA-COLAÂź, two American originals together for the first time."
Romantic Interludeâą BarbieÂź Doll,1997,17136,Collector Edition,ClassiqueÂź Collection,Collector,,"A portrait in elegance, this 1997 Classique Collection BarbieÂź doll features a striking combination of black and white in a timeless silhouette. Created by designer Ann Driskill, Romantic Interludeâą BarbieÂź makes a strong statement in a long, black velvety coat that opens to reveal an off-white satin underskirt. Rhinestone buttons highlight the bodice and hat with a simple spray of black and white feathers completing one of the most elegant BarbieÂź ensembles ever. Underneath her skirt, she wears black boots to complete the outfit. Her brown hair is flatteringly bobbed at her chin and she has rooted eyelashes."
Hudson's Bay Governor's Ball Barbie,1996,14010,Limited Edition,,Play line,,
,,14901-0910,,,,,
1990 Happy HolidaysÂź BarbieÂź Doll,1990,4098,,Happy HolidaysÂź Series,Collector,,"Dressed in pink, BarbieÂź doll's layered fuchsia gown glitters with sparkling silvery accents. Poufed sleeves and accompanying star ornament add special touches to this lovely vision of holiday bliss."
Midnight Princessâą BarbieÂź Doll,1997,17780,Limited Edition,Winter Princess Collection,Collector,,"The fifth and final doll in a beautiful collection of Winter PrincessÂź BarbieÂź dolls, Midnight Princess BarbieÂź is a study in black with dramatic jewel-tone accents. With her flocked black dress and golden trim, she looks her brilliant best. Her golden hair is worn loose, in curls around her face and shoulders, with small sections loosely knotted at the back. Her sleeves and neck are covered with sheer black tulle and her full skirt is accented by wide colorful ribbons."
BarbieÂź and KenÂź 30th Anniversary Star Trek Giftset,1996,15006,Collector Edition,Star Trek Dolls,Collector,,"Join BarbieÂź and Ken for a special mission aboard the U. S. S. Enterpriseâą in this tribute to the original Star Trek series. BarbieÂź doll is an Engineering Officer in her short, red uniform with black trim. She wears an authentic insignia and carries a Tricorderâą and a Communicator. KenÂź doll wears a gold jersey and insignia indicating he is a Command Officer. He carries a Phaserâą and Communicator. The dolls are displayed in a fun, commemorative package along with Captain James T. Kirkâą and First Officer Spockâą. Beam aboard, and let the adventure begin."
BarbieÂź and KenÂź 30th Anniversary Star Trek Giftset,1996,15006,Collector Edition,Star Trek Dolls,Collector,,"Join BarbieÂź and Ken for a special mission aboard the U. S. S. Enterpriseâą in this tribute to the original Star Trek series. BarbieÂź doll is an Engineering Officer in her short, red uniform with black trim. She wears an authentic insignia and carries a Tricorderâą and a Communicator. KenÂź doll wears a gold jersey and insignia indicating he is a Command Officer. He carries a Phaserâą and Communicator. The dolls are displayed in a fun, commemorative package along with Captain James T. Kirkâą and First Officer Spockâą. Beam aboard, and let the adventure begin."
BarbieÂź and KenÂź 30th Anniversary Star Trek Giftset,1996,15006,Collector Edition,Star Trek Dolls,Collector,,"Join BarbieÂź and Ken for a special mission aboard the U. S. S. Enterpriseâą in this tribute to the original Star Trek series. BarbieÂź doll is an Engineering Officer in her short, red uniform with black trim. She wears an authentic insignia and carries a Tricorderâą and a Communicator. KenÂź doll wears a gold jersey and insignia indicating he is a Command Officer. He carries a Phaserâą and Communicator. The dolls are displayed in a fun, commemorative package along with Captain James T. Kirkâą and First Officer Spockâą. Beam aboard, and let the adventure begin."
1997 Happy HolidaysÂź BarbieÂź Doll,1997,17832,Special Edition,Happy HolidaysÂź Series,Collector,,"BarbieÂź doll is a true image of royal splendor in holiday red, snowy white and glittering gold with a golden tiara adorned with six ruby-colored gemstones. Festive accents include a jeweled choker and earrings."
1997 Happy HolidaysÂź BarbieÂź Doll,1997,17832,Special Edition,Happy HolidaysÂź Series,Collector,,"BarbieÂź doll is a true image of royal splendor in holiday red, snowy white and glittering gold with a golden tiara adorned with six ruby-colored gemstones. Festive accents include a jeweled choker and earrings."
BarbieÂź Loves Elvis Giftset,1997,17450,Collector Edition,BarbieÂź Loves Elvis,Collector,,"Here's a very special giftset that includes Elvis and his favorite fan, Barbie! BarbieÂź doll is dressed as an adoring fan of Elvis during the 1950''s. She's attending a live rock concert and hopes to receive an autograph from the ""King of Rock 'n Roll. "" She even holds a picture of Elvis! Produced with the retrospective look of the earliest BarbieÂź dolls, our gal looks fabulous in her 1950's inspired fashion. Her ensemble includes a pink sweater, pink scarf, black skirt decorated with Elvis memorabilia, white socks and saddle shoes. Elvis looks like he's ready to rock in his famous gold lame jacket over a black shirt and pants. His special face sculpting has been designed to capture the image of ""The King of Rock 'n Roll, "" while his hairstyle conjures images of Elvis in his heyday. He even comes with a guitar and microphone to complete his look."
BarbieÂź Doll as Marilynâą in the Red Dress from Gentlemen Prefer Blondesâą,1997,17452,,Hollywood Legends CollectionÂź,Collector,,"Daring style and excitement from BarbieÂź doll as she recreates Marilyn Monroe's role of Lorelei Lee in the popular musical Gentlemen Prefer Blondes. BarbieÂź is dazzling in her glittery red gown with its daring v-neck and high slit. Sparkling accessories include rhinestone bracelets, necklace and earrings with a glittery red hat topped with feather plumes. Marilynâą and BarbieÂź collectors alike will treasure this beautiful recreation with its authentic look and feel."
BarbieÂź as Marilynâą in the White Dress from The Seven Year Itchâą,1997,17155,,Hollywood Legends CollectionÂź,Collector,,"BarbieÂź doll as Marilyn Monroeâą captures all the beauty and charm of this famous actress, in costumes specially recreated from two of her most famous films from Twentieth Century Fox. Among the many photographs of Marilyn Monroe, perhaps none captures her beauty and allure as much as the famous scene of her standing above the grill in New York as the subway rushes by. From the film, ""The Seven Year Itch, "" BarbieÂź as Marilyn wears her famous white halter dress with crystal pleating, and beautiful faux pearl earrings. Collectors will love the incredible way BarbieÂź recaptures the stunning beauty of Marilyn in this famous scene from a great film."
Evening Majesty Barbie Doll,1996,17235,Special Edition,,Play line,,
1996 Happy HolidaysÂź BarbieÂź Doll,1996,15646,Special Edition,Happy HolidaysÂź Series,Collector,,"In a charming burgundy velvet coat trimmed in luxurious white faux fur, BarbieÂź doll welcomes the holiday season. Underneath her lovely velvet coat is a golden-tiered skirt. A gorgeous white faux fur muff and hat match the fur accents at her collar and sleeves."
BarbieÂź Loves Elvis Giftset,1997,17450,Collector Edition,BarbieÂź Loves Elvis,Collector,,"Here's a very special giftset that includes Elvis and his favorite fan, Barbie! BarbieÂź doll is dressed as an adoring fan of Elvis during the 1950''s. She's attending a live rock concert and hopes to receive an autograph from the ""King of Rock 'n Roll. "" She even holds a picture of Elvis! Produced with the retrospective look of the earliest BarbieÂź dolls, our gal looks fabulous in her 1950's inspired fashion. Her ensemble includes a pink sweater, pink scarf, black skirt decorated with Elvis memorabilia, white socks and saddle shoes. Elvis looks like he's ready to rock in his famous gold lame jacket over a black shirt and pants. His special face sculpting has been designed to capture the image of ""The King of Rock 'n Roll, "" while his hairstyle conjures images of Elvis in his heyday. He even comes with a guitar and microphone to complete his look."
Spring Tea Party Barbie Doll,1997,18656,,Avon Exclusives,Collector,,
1993 Happy HolidaysÂź BarbieÂź Doll,1993,10824,Special Edition,Happy HolidaysÂź Series,Collector,,"Wearing a red tulle gown with golden bodice, BarbieÂź doll is ready to celebrate the season! Her golden bodice is accented by several red sequined and bead poinsettias. There's even a lovely poinsettia in her long flowing hair. What a beautiful vision of holiday cheer!"
1995 Happy HolidaysÂź BarbieÂź Doll,1995,14123,Special Edition,Happy HolidaysÂź Series,Collector,,"BarbieÂź doll wants to wish you happy holidays! In a very festive green holly-printed dress with a silvery Victorian collar, BarbieÂź personifies the charm of the season. Her ensemble is accented by red rhinestone berries, a poinsettia sash, jeweled choker and a red poinsettia in her hair."
1997 Happy HolidaysÂź BarbieÂź Doll,1997,17832,Special Edition,Happy HolidaysÂź Series,Collector,,"BarbieÂź doll is a true image of royal splendor in holiday red, snowy white and glittering gold with a golden tiara adorned with six ruby-colored gemstones. Festive accents include a jeweled choker and earrings."
Evening Majesty Barbie Doll,1996,17235,Special Edition,,Play line,,
NASCARÂź Official #94 BarbieÂź Doll,1999,22954,Collector Edition,BarbieÂź Loves Sports,Collector,,"In her authentic racing uniform inspired by racing champ, Bill Elliott, NASCARÂź Official #94 BarbieÂź doll is ready to put the pedal to the metal! Her red and yellow uniform, racing cap and helmet with working visor are amply adorned with NASCARÂź, McDonald's and other sponsor logos. BarbieÂź and NASCARÂź combine the enduring glamour and the excitement and suspense of the number one spectator sport, NASCARÂź Winston Cup Racing."
Romantic Ruffles #1871,1969,1871,,,,,"BarbieÂź doll looked her radiant best in this pink and silver evening dress. The silvery lamĂ© over the pink, sleeveless bodice met a five tiered pink net skirt sparkled with silver dots. The ruffles had a sheer lining and a hot pink taffeta underskirt. A pink satin ribbon and a net and taffeta flower accented the empire waist. Mod rosette earrings of sheer pink fabric and a silvertone bead on chains hung to BarbieÂź doll's shoulders. A clutch bag was fashioned of the silvery lamĂ© and was lined in the pink taffeta. It closed with a silvertone bead button. Pink soft bow or pilgrim shoes completed the ensemble."
Holiday MemoriesÂź BarbieÂź Doll,1995,14106,Special Edition,Holiday Barbieâą Dolls,Collector,,"Greetings from Holiday MemoriesÂź BarbieÂź doll! Together, BarbieÂź and Hallmark have teamed up to bring you this very special doll commemorating the 85th anniversary of Hallmark Cards. BarbieÂź is dressed in a lovely white flared jacket and skirt with a red skirt underneath. Her jacket is trimmed in brown faux fur at the collar and cuffs, and the ensemble is accented with a red and white hat and brown knee-high boots."
Paint 'N Dazzle Barbie Doll (red hair),1993,10057,,,Play line,,
Cinderella 1964 From Barbie with Love by Enesco,1995,17099,,From Barbie with Love Collection by Enesco,,,Commemorative figure of Barbie Cinderella 1964.
The Original ARIZONA Jean Company Barbie Doll,1995,15441,Special Edition,,Play line,,Barbie is looking cool and trendy in her original Arizona Jean Co. denims designed just for her!
Workin' Out Barbie Doll,1996,17317,,Workin Out Barbie,Play line,,Workin' Out suction cup shoes make working out easy!
Winter Renaissance Barbie Doll,1996,15570,Special Edition,,Play line,,
BarbieÂź Doll as Maria in The Sound of Musicâą,1994,13676,,Hollywood Legends CollectionÂź,Collector,,"Capture the Sound of Music as BarbieÂź doll portrays the wonderful heroine from one of the most beloved movies of all time. It's an authentic reproduction taken right from the film. BarbieÂź doll is dressed in a demure jumper with a floral printed brocade skirt, complete with ""alpine glitter. "" Just like Maria in the movie, BarbieÂź wears short, cropped hair. She has a simple straw hat atop her head and even carries a miniature guitar. From her big blue eyes to beautiful smile, BarbieÂź as Maria is utterly charming."
Native American BarbieÂź Doll 3rd Edition,1995,12699,,Dolls of the WorldÂź,Collector,,"This Native American doll, from the Southern Plains, is dressed in an updated version of a tribal princess costume. Pretty in a pink tunic and skirt with geometric patterns, her costume is trimmed in white fringe and ribbon. Her moccasins, beaded necklace, ""turquoise"" earrings and ring complete this modern powwow look."
Native American BarbieÂź Doll 1st Edition,1993,1753,Special Edition,Dolls of the WorldÂź,Collector,,"Native American Barbie doll is part of a proud Indian heritage, rich in culture and tradition. Her tribe-inspired costume is a white dress decorated with Indian artwork, fringe, and complemented by the soft faux leather moccasins on her feet. Her purse is also decorated with fringe. Indian women often wear their hair in braids, like this doll, tied at each end with blue bands."
Native American BarbieÂź Doll 2nd Edition,1994,11609,Special Edition,Dolls of the WorldÂź,Collector,,"Native American Barbie doll prepares for a traditional powwow ceremony. Her long dress, inspired by the original Native American buckskin dresses, is accented with a silvery-colored belt, long, colorful fringe, and a gorgeous multi-colored bodice. Feathers complement this beautiful ensemble, both on her dress, and intertwined in her dark braided hair."
Twinkle Lights Barbie Doll,1993,10390,,,Play line,,Turn off the lights and her dress glows with hundreds of star dots just like the night sky!! (Special light used for photography).
Pioneer BarbieÂź Doll,1995,12680,Collector Edition,American Stories Collection âą,Collector,,"Here's Pioneer BarbieÂź doll from the American Stories Seriesâą. Watch her follow her dreams as a young shopkeeper selling wares from her general store. She's dressed in a full length calico dress and matching bonnet. A Collector Edition doll, girls will adore both this doll and the very special storybook that brings pioneer history to life."
Medieval LadyÂź BarbieÂź Doll,1995,12791,Collector Edition,The Great ErasÂź Collection,Collector,,"From The Great ErasÂź Collection, BarbieÂź doll captures the true essence of medieval times in this incredible costume. Her dark blue floor-length gown is accented by colorful detailing that lines her sleeves, a faux fur collar, and golden trim at the waist, neckline, and sleeves. Her braided hair is covered by a majestic golden hennin."
Colonial BarbieÂź Doll,1995,12578,Collector Edition,American Stories Collection âą,Collector,,"Colonial BarbieÂź doll wears an adorable navy blue colonial gown with white trim and red bows. She wears a white petticoat underneath her blue skirt, and a ruffled cap with a red ribbon and bow on her head. She comes with a framed ""embroidery"" square with an eagle design and a storybook discussing the new nation in 1776."
Astronaut Barbie Doll,1994,12149,Special Edition,,Collector,,
Pilgrim BarbieÂź Doll,1995,12577,Collector Edition,American Stories Collection âą,Collector,,"Pilgrim BarbieÂź doll is dressed for Thanksgiving in a maroon dress with ivory collar, apron, and bonnet. She carries a basket of corn, and comes with a storybook detailing her Mayflower voyage to America, and her first Thanksgiving."
